{"stats":{"minecraft:mined":{"minecraft:grass":8,"minecraft:acacia_leaves":1,"minecraft:bamboo":8,"minecraft:oak_leaves":4,"minecraft:fern":5},"minecraft:killed":{"minecraft:pig":2},"minecraft:used":{"minecraft:rotten_flesh":9,"minecraft:bamboo":6,"minecraft:wooden_sword":2,"alexsmobs:animal_dictionary":1},"minecraft:picked_up":{"minecraft:rotten_flesh":9,"minecraft:wheat_seeds":2,"minecraft:lever":1,"minecraft:porkchop":4,"minecraft:bamboo":91},"minecraft:custom":{"minecraft:open_chest":1,"minecraft:time_since_rest":19554,"minecraft:crouch_one_cm":989,"minecraft:play_time":26700,"minecraft:sprint_one_cm":103203,"minecraft:walk_one_cm":109287,"minecraft:damage_taken":580,"minecraft:deaths":1,"minecraft:sneak_time":492,"minecraft:walk_under_water_one_cm":1870,"minecraft:mob_kills":2,"minecraft:animals_bred":1,"minecraft:jump":350,"minecraft:damage_dealt":311,"minecraft:time_since_death":19486,"minecraft:walk_on_water_one_cm":3121,"minecraft:total_world_time":26700,"minecraft:climb_one_cm":268,"minecraft:swim_one_cm":9659,"minecraft:fly_one_cm":50877,"minecraft:fall_one_cm":9790},"minecraft:killed_by":{"alexsmobs:rhinoceros":1}},"DataVersion":3465}