{"stats":{"minecraft:mined":{"minecraft:acacia_leaves":1,"minecraft:grass":8,"minecraft:bamboo":8,"minecraft:oak_leaves":4,"minecraft:fern":5},"minecraft:killed":{"minecraft:skeleton":11,"minecraft:evoker":1,"minecraft:zombie":5,"minecraft:pig":2,"minecraft:salmon":1,"ecologics:coconut_crab":1,"minecraft:vindicator":4,"alexsmobs:void_worm":14,"minecraft:spider":1,"minecraft:creeper":5},"minecraft:used":{"minecraft:rotten_flesh":9,"minecraft:bamboo":6,"minecraft:wooden_sword":2,"alexsmobs:animal_dictionary":1},"minecraft:picked_up":{"minecraft:dandelion":1,"minecraft:acacia_log":2,"minecraft:porkchop":4,"pointblank:gunmetal_nugget":16,"alexsmobs:void_worm_eye":1,"minecraft:gunpowder":1,"minecraft:dirt":16,"minecraft:iron_axe":1,"minecraft:rotten_flesh":11,"minecraft:bow":1,"minecraft:wheat_seeds":4,"minecraft:lever":1,"minecraft:emerald":2,"minecraft:light_gray_wool":3,"minecraft:bamboo":91,"alexsmobs:void_worm_mandible":1},"minecraft:custom":{"minecraft:time_since_rest":23010,"minecraft:sprint_one_cm":109210,"minecraft:damage_taken":675,"minecraft:walk_one_cm":145338,"minecraft:mob_kills":45,"minecraft:animals_bred":1,"minecraft:damage_dealt":331,"minecraft:swim_one_cm":9659,"minecraft:fly_one_cm":307160,"minecraft:open_chest":1,"minecraft:crouch_one_cm":1017,"minecraft:play_time":50700,"minecraft:deaths":2,"minecraft:sneak_time":850,"minecraft:walk_under_water_one_cm":1870,"minecraft:jump":389,"minecraft:walk_on_water_one_cm":3121,"minecraft:time_since_death":22898,"minecraft:climb_one_cm":268,"minecraft:total_world_time":50700,"minecraft:fall_one_cm":9790},"minecraft:killed_by":{"minecraft:creeper":1,"alexsmobs:rhinoceros":1}},"DataVersion":3465}