{"stats":{"minecraft:mined":{"minecraft:acacia_leaves":1,"minecraft:grass":8,"minecraft:bamboo":8,"minecraft:oak_leaves":4,"minecraft:fern":5},"minecraft:killed":{"minecraft:skeleton":9,"minecraft:zombie":5,"minecraft:pig":2,"minecraft:salmon":1,"ecologics:coconut_crab":1,"alexsmobs:void_worm":5,"minecraft:spider":1,"minecraft:creeper":4},"minecraft:used":{"minecraft:rotten_flesh":9,"minecraft:bamboo":6,"minecraft:wooden_sword":2,"alexsmobs:animal_dictionary":1},"minecraft:picked_up":{"minecraft:dandelion":1,"minecraft:acacia_log":2,"minecraft:porkchop":4,"minecraft:gunpowder":1,"minecraft:dirt":16,"minecraft:rotten_flesh":11,"minecraft:wheat_seeds":4,"minecraft:lever":1,"minecraft:bamboo":91},"minecraft:custom":{"minecraft:time_since_rest":11010,"minecraft:sprint_one_cm":103526,"minecraft:damage_taken":675,"minecraft:walk_one_cm":123819,"minecraft:mob_kills":28,"minecraft:animals_bred":1,"minecraft:damage_dealt":321,"minecraft:swim_one_cm":9659,"minecraft:fly_one_cm":151914,"minecraft:open_chest":1,"minecraft:crouch_one_cm":989,"minecraft:play_time":38700,"minecraft:deaths":2,"minecraft:sneak_time":562,"minecraft:walk_under_water_one_cm":1870,"minecraft:jump":373,"minecraft:walk_on_water_one_cm":3121,"minecraft:time_since_death":10898,"minecraft:climb_one_cm":268,"minecraft:total_world_time":38700,"minecraft:fall_one_cm":9790},"minecraft:killed_by":{"minecraft:creeper":1,"alexsmobs:rhinoceros":1}},"DataVersion":3465}