{"stats":{"minecraft:mined":{"minecraft:grass":1,"minecraft:bamboo":8,"minecraft:oak_leaves":4,"minecraft:fern":3},"minecraft:killed":{"minecraft:pig":1},"minecraft:used":{"minecraft:bamboo":3,"minecraft:wooden_sword":2,"alexsmobs:animal_dictionary":1},"minecraft:picked_up":{"minecraft:porkchop":1,"minecraft:bamboo":91},"minecraft:custom":{"minecraft:time_since_rest":7554,"minecraft:crouch_one_cm":265,"minecraft:play_time":14700,"minecraft:sprint_one_cm":41659,"minecraft:walk_one_cm":35764,"minecraft:damage_taken":240,"minecraft:deaths":1,"minecraft:sneak_time":120,"minecraft:walk_under_water_one_cm":1224,"minecraft:mob_kills":1,"minecraft:animals_bred":1,"minecraft:jump":80,"minecraft:damage_dealt":162,"minecraft:time_since_death":7486,"minecraft:walk_on_water_one_cm":1779,"minecraft:total_world_time":14700,"minecraft:climb_one_cm":16,"minecraft:swim_one_cm":5390,"minecraft:fly_one_cm":13804,"minecraft:fall_one_cm":1910},"minecraft:killed_by":{"alexsmobs:rhinoceros":1}},"DataVersion":3465}