{"stats":{"minecraft:mined":{"minecraft:grass":1,"minecraft:grass_block":1},"minecraft:used":{"minecraft:wooden_sword":8,"minecraft:dirt":1,"minecraft:bread":1,"alexsmobs:animal_dictionary":1,"minecraft:shield":19},"minecraft:picked_up":{"minecraft:dirt":1},"minecraft:custom":{"minecraft:time_since_rest":638,"minecraft:play_time":7899,"minecraft:sprint_one_cm":21094,"minecraft:deaths":1,"minecraft:damage_taken":250,"minecraft:walk_one_cm":34339,"minecraft:damage_blocked_by_shield":300,"minecraft:walk_under_water_one_cm":1680,"minecraft:jump":165,"minecraft:damage_dealt":195,"minecraft:leave_game":1,"minecraft:time_since_death":606,"minecraft:walk_on_water_one_cm":2543,"minecraft:total_world_time":7899,"minecraft:climb_one_cm":684,"minecraft:swim_one_cm":3334,"minecraft:fall_one_cm":4238,"minecraft:fly_one_cm":43493},"minecraft:killed_by":{"alexsmobs:rhinoceros":1}},"DataVersion":3465}