{"stats":{"minecraft:mined":{"minecraft:grass":1,"minecraft:grass_block":1,"minecraft:lever":1},"minecraft:killed":{"alexsmobs:void_worm":2,"minecraft:enderman":1},"minecraft:dropped":{"minecraft:rotten_flesh":9,"pointblank:ak47":1},"minecraft:used":{"minecraft:rotten_flesh":4,"alexsmobs:spawn_egg_warped_mosco":2,"minecraft:wooden_sword":8,"minecraft:dirt":1,"alexsmobs:spawn_egg_mimicube":1,"alexsmobs:spawn_egg_void_worm":10,"minecraft:bread":1,"alexsmobs:animal_dictionary":1,"minecraft:shield":19},"minecraft:picked_up":{"pointblank:ak47":1,"minecraft:bow":1,"minecraft:jungle_sapling":1,"minecraft:gunpowder":1,"minecraft:bamboo":3,"minecraft:dirt":6},"minecraft:custom":{"minecraft:open_chest":3,"minecraft:time_since_rest":17377,"minecraft:crouch_one_cm":127,"minecraft:sprint_one_cm":66713,"minecraft:play_time":30938,"minecraft:deaths":2,"minecraft:damage_taken":960,"minecraft:walk_one_cm":80236,"minecraft:sneak_time":402,"minecraft:damage_blocked_by_shield":300,"minecraft:walk_under_water_one_cm":7224,"minecraft:mob_kills":3,"minecraft:drop":2,"minecraft:jump":581,"minecraft:damage_dealt":240,"minecraft:leave_game":1,"minecraft:walk_on_water_one_cm":3214,"minecraft:time_since_death":17305,"minecraft:climb_one_cm":901,"minecraft:total_world_time":30938,"minecraft:swim_one_cm":7670,"minecraft:fall_one_cm":24117,"minecraft:fly_one_cm":249253},"minecraft:killed_by":{"alexsmobs:rhinoceros":1}},"DataVersion":3465}