{"stats":{"minecraft:mined":{"minecraft:lever":1,"minecraft:grass":1,"minecraft:grass_block":1},"minecraft:killed":{"alexsmobs:gazelle":1,"alexsmobs:void_worm":35,"alexsmobs:fly":1,"minecraft:cod":3,"minecraft:tropical_fish":1,"minecraft:enderman":1},"minecraft:dropped":{"ecologics:coconut_leaves":1,"alexsmobs:void_worm_eye":1,"pointblank:ak47":1,"alexsmobs:void_worm_mandible":1,"minecraft:rotten_flesh":9},"minecraft:used":{"minecraft:bread":1,"minecraft:shield":19,"minecraft:rotten_flesh":4,"minecraft:dirt":1,"minecraft:wooden_sword":8,"alexsmobs:spawn_egg_warped_mosco":2,"alexsmobs:spawn_egg_mimicube":1,"alexsmobs:spawn_egg_void_worm":10,"alexsmobs:animal_dictionary":1},"minecraft:picked_up":{"pointblank:gunmetal_nugget":6,"alexsmobs:void_worm_eye":1,"minecraft:gunpowder":1,"minecraft:dirt":6,"pointblank:ak47":1,"minecraft:bow":1,"minecraft:jungle_sapling":1,"minecraft:bamboo":3,"minecraft:white_wool":1,"alexsmobs:void_worm_mandible":2},"minecraft:custom":{"minecraft:time_since_rest":29377,"minecraft:sprint_one_cm":71669,"minecraft:damage_taken":960,"minecraft:walk_one_cm":102009,"minecraft:damage_blocked_by_shield":300,"minecraft:mob_kills":42,"minecraft:drop":5,"minecraft:damage_dealt":240,"minecraft:swim_one_cm":7670,"minecraft:fly_one_cm":516745,"minecraft:open_chest":3,"minecraft:crouch_one_cm":340,"minecraft:play_time":42938,"minecraft:deaths":2,"minecraft:sneak_time":1104,"minecraft:walk_under_water_one_cm":7224,"minecraft:jump":618,"minecraft:leave_game":1,"minecraft:time_since_death":29305,"minecraft:walk_on_water_one_cm":3214,"minecraft:total_world_time":42938,"minecraft:climb_one_cm":901,"minecraft:fall_one_cm":24117},"minecraft:killed_by":{"alexsmobs:rhinoceros":1}},"DataVersion":3465}