{"stats":{"minecraft:mined":{"minecraft:grass":1,"minecraft:grass_block":1,"minecraft:lever":1},"minecraft:dropped":{"minecraft:rotten_flesh":9},"minecraft:used":{"minecraft:rotten_flesh":4,"minecraft:wooden_sword":8,"minecraft:dirt":1,"minecraft:bread":1,"alexsmobs:animal_dictionary":1,"minecraft:shield":19},"minecraft:picked_up":{"minecraft:jungle_sapling":1,"minecraft:bamboo":3,"minecraft:dirt":1},"minecraft:custom":{"minecraft:open_chest":3,"minecraft:time_since_rest":5377,"minecraft:crouch_one_cm":103,"minecraft:sprint_one_cm":66713,"minecraft:play_time":18938,"minecraft:deaths":2,"minecraft:damage_taken":825,"minecraft:walk_one_cm":70601,"minecraft:sneak_time":26,"minecraft:damage_blocked_by_shield":300,"minecraft:walk_under_water_one_cm":2124,"minecraft:drop":1,"minecraft:jump":524,"minecraft:damage_dealt":220,"minecraft:leave_game":1,"minecraft:walk_on_water_one_cm":2965,"minecraft:time_since_death":5305,"minecraft:climb_one_cm":901,"minecraft:total_world_time":18938,"minecraft:swim_one_cm":7670,"minecraft:fall_one_cm":21349,"minecraft:fly_one_cm":126558},"minecraft:killed_by":{"alexsmobs:rhinoceros":1}},"DataVersion":3465}